{"count":1,"self":200.34120959999998,"total":584.9701573,"children":{"InitializeActuators":{"count":20,"self":0.0030004,"total":0.0030004,"children":null},"InitializeSensors":{"count":20,"self":0.0020001999999999997,"total":0.0020001999999999997,"children":null},"AgentInfo.ToProto":{"count":3753,"self":0.0153125,"total":0.0889648,"children":{"GenerateSensorData":{"count":3753,"self":0.07365229999999999,"total":0.07365229999999999,"children":null}}},"AgentSendState":{"count":632110,"self":1.1944967,"total":6.6253060999999995,"children":{"CollectObservations":{"count":315930,"self":0.2904304,"total":0.2904304,"children":null},"WriteActionMask":{"count":315930,"self":0.17200179999999998,"total":0.17200179999999998,"children":null},"RequestDecision":{"count":315930,"self":0.53982469999999994,"total":4.9683772,"children":{"AgentInfo.ToProto":{"count":315930,"self":0.4908226,"total":4.4285524999999994,"children":{"GenerateSensorData":{"count":315930,"self":3.9377299999999997,"total":3.9377299,"children":null}}}}}}},"DecideAction":{"count":632110,"self":375.5424768,"total":375.54248889999997,"children":null},"AgentAct":{"count":632110,"self":2.3666878,"total":2.3666878,"children":null}},"gauges":{"MLMoveAndCollect.CumulativeReward":{"count":3743,"max":19.9978867,"min":-3.003024,"runningAverage":-0.315561533,"value":2.99904919,"weightedAverage":0.0586078167}},"metadata":{"timer_format_version":"0.1.0","start_time_seconds":"1681562527","unity_version":"2021.3.16f1","command_line_arguments":"C:\\Program Files\\Unity\\Hub\\Editor\\2021.3.16f1\\Editor\\Unity.exe -projectpath C:\\Users\\Riadh\\OneDrive\\Documents\\GitHub\\ELE300-Projet\\ELE3000 -useHub -hubIPC -cloudEnvironment production -licensingIpc LicenseClient-qCYBvUeYUisLuDvdcJMpC -hubSessionId a0d61f40-db4f-11ed-a15d-db2f4a712a3f -accessToken u41LQJaO5xVOH3Zl0BrGi2Vdtzx8PpVvo2fv0Mew_iI003f","communication_protocol_version":"1.5.0","com.unity.ml-agents_version":"2.0.1","scene_name":"SampleScene","end_time_seconds":"1681563112"}}