{"count":1,"self":59.3961024,"total":86.7607689,"children":{"InitializeActuators":{"count":20,"self":0.0030001,"total":0.0030001,"children":null},"InitializeSensors":{"count":20,"self":0.0025004,"total":0.0080023,"children":{"CreateObservableSensors":{"count":20,"self":0.0055019,"total":0.0055019,"children":null}}},"AgentInfo.ToProto":{"count":196,"self":0.0020009,"total":0.008999,"children":{"GenerateSensorData":{"count":196,"self":0.0069980999999999993,"total":0.0069980999999999993,"children":null}}},"AgentSendState":{"count":32404,"self":0.10862139999999999,"total":0.434089,"children":{"CollectObservations":{"count":15950,"self":0.016090999999999998,"total":0.016090999999999998,"children":null},"WriteActionMask":{"count":15950,"self":0.012502899999999999,"total":0.012502899999999999,"children":null},"RequestDecision":{"count":15950,"self":0.030702399999999998,"total":0.29687369999999996,"children":{"AgentInfo.ToProto":{"count":15950,"self":0.030969399999999998,"total":0.2661713,"children":{"GenerateSensorData":{"count":15950,"self":0.2352019,"total":0.2352019,"children":null}}}}}}},"DecideAction":{"count":32404,"self":26.7171488,"total":26.717148599999998,"children":null},"AgentAct":{"count":32404,"self":0.1909254,"total":0.1909254,"children":null}},"gauges":{"MLMoveAndCollect.CumulativeReward":{"count":186,"max":8.999031,"min":-2.00395536,"runningAverage":-0.6621311,"value":-2.00050068,"weightedAverage":-1.27590382}},"metadata":{"timer_format_version":"0.1.0","start_time_seconds":"1681856840","unity_version":"2021.3.16f1","command_line_arguments":"C:\\Program Files\\Unity\\Hub\\Editor\\2021.3.16f1\\Editor\\Unity.exe -projectpath C:\\Users\\Riadh\\OneDrive\\Documents\\GitHub\\ELE300-Projet\\ELE3000 -useHub -hubIPC -cloudEnvironment production -licensingIpc LicenseClient-faPT0pDbfZ9KuNCuKGTJi -hubSessionId 453058b0-de36-11ed-9e9d-0d3e15ee122c -accessToken CNAPTUCiqGSaZbtZUtOhNjCv-cJTh8X8NCfd9r3uySQ003f","communication_protocol_version":"1.5.0","com.unity.ml-agents_version":"2.0.1","scene_name":"SampleScene","end_time_seconds":"1681856927"}}